{
  "models": {
    "fp32": {
      "size_kb": 456.4,
      "mean_latency_ms": 0.33207431000846555,
      "p95_latency_ms": 0.388857748657756,
      "throughput_fps": 3011.3741709634423,
      "accuracy": 0.463,
      "precision": 0.2733,
      "recall": 1.0,
      "f1": 0.4293,
      "fpr": 0.6729,
      "auc": 0.9824
    },
    "int8": {
      "size_kb": 145.6,
      "mean_latency_ms": 0.3325006198792835,
      "p95_latency_ms": 0.3878993006765086,
      "throughput_fps": 3007.5131900898605,
      "accuracy": 0.773,
      "precision": 0.4709,
      "recall": 1.0,
      "f1": 0.6403,
      "fpr": 0.2845,
      "auc": 0.9986
    },
    "onnx": {
      "size_kb": 467.6,
      "mean_latency_ms": 0.10961657006191672,
      "p95_latency_ms": 0.1405608994900831,
      "throughput_fps": 9122.70835910257,
      "accuracy": 0.463,
      "precision": 0.2733,
      "recall": 1.0,
      "f1": 0.4293,
      "fpr": 0.6729,
      "auc": 0.9824
    }
  },
  "embedding_drift_fp32_vs_int8": {
    "mean_abs_diff": 0.676091,
    "max_abs_diff": 10.430323,
    "mean_rel_diff_pct": 619.903
  },
  "dataset": "synthetic"
}