{
  "dataset": "synthetic",
  "timestamp": "2026-07-18T13:32:55",
  "benchmark": {
    "fp32": {
      "mean_ms": 0.374,
      "median_ms": 0.166,
      "std_ms": 0.328,
      "p95_ms": 1.115,
      "p99_ms": 1.384,
      "min_ms": 0.134,
      "throughput_fps": 2674.0
    },
    "int8": {
      "mean_ms": 0.291,
      "median_ms": 0.146,
      "std_ms": 0.268,
      "p95_ms": 0.741,
      "p99_ms": 1.635,
      "min_ms": 0.134,
      "throughput_fps": 3439.6
    },
    "onnx": {
      "mean_ms": 0.221,
      "median_ms": 0.204,
      "std_ms": 0.153,
      "p95_ms": 0.423,
      "p99_ms": 0.907,
      "min_ms": 0.066,
      "throughput_fps": 4526.7
    }
  },
  "optimization": {
    "fp32": {
      "size_kb": 456.4,
      "mean_latency_ms": 0.33207431000846555,
      "p95_latency_ms": 0.388857748657756,
      "throughput_fps": 3011.3741709634423,
      "accuracy": 0.463,
      "precision": 0.2733,
      "recall": 1.0,
      "f1": 0.4293,
      "fpr": 0.6729,
      "auc": 0.9824
    },
    "int8": {
      "size_kb": 145.6,
      "mean_latency_ms": 0.3325006198792835,
      "p95_latency_ms": 0.3878993006765086,
      "throughput_fps": 3007.5131900898605,
      "accuracy": 0.773,
      "precision": 0.4709,
      "recall": 1.0,
      "f1": 0.6403,
      "fpr": 0.2845,
      "auc": 0.9986
    },
    "onnx": {
      "size_kb": 467.6,
      "mean_latency_ms": 0.10961657006191672,
      "p95_latency_ms": 0.1405608994900831,
      "throughput_fps": 9122.70835910257,
      "accuracy": 0.463,
      "precision": 0.2733,
      "recall": 1.0,
      "f1": 0.4293,
      "fpr": 0.6729,
      "auc": 0.9824
    }
  },
  "detection_metrics": {
    "accuracy": 0.905,
    "precision": 0.694,
    "recall": 0.9559,
    "fpr": 0.108,
    "f1": 0.8041,
    "tp": 195,
    "tn": 710,
    "fp": 86,
    "fn": 9,
    "auc": 0.9831,
    "total_time_sec": 0.008,
    "avg_latency_ms": 0.008,
    "throughput_fps": 127403.1,
    "delta_used": 634.910888671875,
    "dataset": "synthetic",
    "backend": "onnx"
  },
  "zero_day": {
    "dataset": "synthetic",
    "baseline_fp_rate": 0.672,
    "known_attack_tpr": 1.0,
    "zero_day_avg_tpr": 0.6025,
    "patterns": {
      "high_volume_ddos": {
        "tpr": 0.17,
        "mean_score": 67.54,
        "std_score": 79.37,
        "n_samples": 100
      },
      "low_slow": {
        "tpr": 0.26,
        "mean_score": 77.24,
        "std_score": 73.66,
        "n_samples": 100
      },
      "evasion": {
        "tpr": 0.98,
        "mean_score": 1395.07,
        "std_score": 1459.14,
        "n_samples": 100
      },
      "timing_burst": {
        "tpr": 1.0,
        "mean_score": 4543.08,
        "std_score": 6174.35,
        "n_samples": 100
      }
    },
    "delta_used": 105.68504333496094
  },
  "baseline_comparison": {
    "ET-SSL": {
      "accuracy": 0.4697,
      "precision": 0.2815,
      "recall": 0.9984,
      "fpr": 0.6692,
      "f1": 0.4392,
      "tp": 623,
      "tn": 786,
      "fp": 1590,
      "fn": 1,
      "auc": 0.9827,
      "requires_labels": false
    },
    "Random Forest": {
      "accuracy": 1.0,
      "precision": 1.0,
      "recall": 1.0,
      "fpr": 0.0,
      "f1": 1.0,
      "tp": 624,
      "tn": 2376,
      "fp": 0,
      "fn": 0,
      "auc": 1.0,
      "requires_labels": true
    },
    "K-Means": {
      "accuracy": 0.9647,
      "precision": 0.8548,
      "recall": 1.0,
      "fpr": 0.0446,
      "f1": 0.9217,
      "tp": 624,
      "tn": 2270,
      "fp": 106,
      "fn": 0,
      "auc": 1.0,
      "requires_labels": false
    }
  },
  "drift_simulation": {
    "config": {
      "n_epochs": 3,
      "alpha": 0.99,
      "drift_magnitude": 2.0
    },
    "incremental": [
      {
        "epoch": 1,
        "drift": 0.667,
        "mu_drift": 0.0,
        "accuracy": 0.15,
        "precision": 0.15,
        "recall": 1.0,
        "fpr": 1.0,
        "f1": 0.2609
      },
      {
        "epoch": 2,
        "drift": 1.333,
        "mu_drift": 0.0,
        "accuracy": 0.15,
        "precision": 0.15,
        "recall": 1.0,
        "fpr": 1.0,
        "f1": 0.2609
      },
      {
        "epoch": 3,
        "drift": 2.0,
        "mu_drift": 0.0,
        "accuracy": 0.15,
        "precision": 0.15,
        "recall": 1.0,
        "fpr": 1.0,
        "f1": 0.2609
      }
    ],
    "static": [
      {
        "epoch": 1,
        "drift": 0.667,
        "accuracy": 0.15,
        "precision": 0.15,
        "recall": 1.0,
        "fpr": 1.0,
        "f1": 0.2609
      },
      {
        "epoch": 2,
        "drift": 1.333,
        "accuracy": 0.15,
        "precision": 0.15,
        "recall": 1.0,
        "fpr": 1.0,
        "f1": 0.2609
      },
      {
        "epoch": 3,
        "drift": 2.0,
        "accuracy": 0.15,
        "precision": 0.15,
        "recall": 1.0,
        "fpr": 1.0,
        "f1": 0.2609
      }
    ],
    "final_mu_total_drift": 0.0
  },
  "robustness": {
    "baseline": {
      "accuracy": 0.2,
      "precision": 0.2,
      "recall": 1.0,
      "fpr": 1.0,
      "f1": 0.3333,
      "tp": 120,
      "tn": 0,
      "fp": 480,
      "fn": 0
    },
    "padding": {
      "accuracy": 0.2,
      "precision": 0.2,
      "recall": 1.0,
      "fpr": 1.0,
      "f1": 0.3333,
      "tp": 120,
      "tn": 0,
      "fp": 480,
      "fn": 0
    },
    "timing_random": {
      "accuracy": 0.2,
      "precision": 0.2,
      "recall": 1.0,
      "fpr": 1.0,
      "f1": 0.3333,
      "tp": 120,
      "tn": 0,
      "fp": 480,
      "fn": 0
    },
    "volume_shift": {
      "accuracy": 0.2017,
      "precision": 0.2003,
      "recall": 1.0,
      "fpr": 0.9979,
      "f1": 0.3338,
      "tp": 120,
      "tn": 1,
      "fp": 479,
      "fn": 0
    },
    "combined": {
      "accuracy": 0.2,
      "precision": 0.2,
      "recall": 1.0,
      "fpr": 1.0,
      "f1": 0.3333,
      "tp": 120,
      "tn": 0,
      "fp": 480,
      "fn": 0
    }
  },
  "privacy_audit": {
    "passed": true,
    "files_scanned": 26,
    "findings": [],
    "checks": {
      "feature_extractor_uses_metadata_only": true,
      "capture_no_payload_decode": true,
      "message": "Pipeline ch\u1ec9 d\u00f9ng timing/length/flags \u2014 kh\u00f4ng gi\u1ea3i m\u00e3 payload TLS/VPN."
    }
  },
  "total_elapsed_sec": 4.1
}